<?xml version="1.0" encoding="UTF-8"?>
<project-private xmlns="http://www.netbeans.org/ns/project-private/1">
    <editor-bookmarks xmlns="http://www.netbeans.org/ns/editor-bookmarks/2" lastBookmarkId="0"/>
    <open-files xmlns="http://www.netbeans.org/ns/projectui-open-files/2">
        <group>
            <file>file:/Users/eugeniojulio/Documents/%23%23%202020%20%23%23/AULAS/2020_2/SENAI/PP/1_Singleton_2020_2/ExemplosEmJava/ProjetoWar/src/classes/Tabuleiro.java</file>
            <file>file:/Users/eugeniojulio/Documents/%23%23%202020%20%23%23/AULAS/2020_2/SENAI/PP/1_Singleton_2020_2/ExemplosEmJava/ProjetoWar/src/projetowar/ProjetoWar.java</file>
        </group>
    </open-files>
</project-private>
