<?xml version="1.0" encoding="UTF-8"?>
<project-private xmlns="http://www.netbeans.org/ns/project-private/1">
    <editor-bookmarks xmlns="http://www.netbeans.org/ns/editor-bookmarks/2" lastBookmarkId="0"/>
    <open-files xmlns="http://www.netbeans.org/ns/projectui-open-files/2">
        <group>
            <file>file:/C:/Users/Computador/Desktop/codigos-ads3/fila/src/fila/lista/lista.java</file>
            <file>file:/C:/Users/Computador/Desktop/codigos-ads3/fila/src/fila/classe/Ex2/Controle.java</file>
            <file>file:/C:/Users/Computador/Desktop/codigos-ads3/fila/src/fila/teste/teste.java</file>
            <file>file:/C:/Users/Computador/Desktop/codigos-ads3/fila/src/fila/EstudandoQueue/entendendoQueue.java</file>
            <file>file:/C:/Users/Computador/Desktop/codigos-ads3/fila/src/fila/classe/Ex2/Aviao.java</file>
        </group>
    </open-files>
</project-private>
