<?xml version="1.0" encoding="UTF-8"?>
<project-private xmlns="http://www.netbeans.org/ns/project-private/1">
    <editor-bookmarks xmlns="http://www.netbeans.org/ns/editor-bookmarks/1"/>
    <editor-bookmarks xmlns="http://www.netbeans.org/ns/editor-bookmarks/2" lastBookmarkId="0"/>
    <open-files xmlns="http://www.netbeans.org/ns/projectui-open-files/2">
        <group>
            <file>file:/Users/eugeniojulio/Library/Mobile%20Documents/com~apple~CloudDocs/I_AULAS_MATERIAL/PadroesDeProjetos/AULAS/4_Decorator/ProjetoDecoratoCarro/src/projetodecoratocarro/Carro.java</file>
            <file>file:/Users/eugeniojulio/Library/Mobile%20Documents/com~apple~CloudDocs/I_AULAS_MATERIAL/PadroesDeProjetos/AULAS/4_Decorator/ProjetoDecoratoCarro/src/projetodecoratocarro/KitMultimidia.java</file>
            <file>file:/Users/eugeniojulio/Library/Mobile%20Documents/com~apple~CloudDocs/I_AULAS_MATERIAL/PadroesDeProjetos/AULAS/4_Decorator/ProjetoDecoratoCarro/src/projetodecoratocarro/Acessorio.java</file>
            <file>file:/Users/eugeniojulio/Library/Mobile%20Documents/com~apple~CloudDocs/I_AULAS_MATERIAL/PadroesDeProjetos/AULAS/4_Decorator/ProjetoDecoratoCarro/src/projetodecoratocarro/DirecaoEletrica.java</file>
            <file>file:/Users/eugeniojulio/Library/Mobile%20Documents/com~apple~CloudDocs/I_AULAS_MATERIAL/PadroesDeProjetos/AULAS/4_Decorator/ProjetoDecoratoCarro/src/projetodecoratocarro/Captiva.java</file>
            <file>file:/Users/eugeniojulio/Library/Mobile%20Documents/com~apple~CloudDocs/I_AULAS_MATERIAL/PadroesDeProjetos/AULAS/4_Decorator/ProjetoDecoratoCarro/src/projetodecoratocarro/ArCondicionado.java</file>
            <file>file:/Users/eugeniojulio/Library/Mobile%20Documents/com~apple~CloudDocs/I_AULAS_MATERIAL/PadroesDeProjetos/AULAS/4_Decorator/ProjetoDecoratoCarro/src/projetodecoratocarro/Celta.java</file>
            <file>file:/Users/eugeniojulio/Library/Mobile%20Documents/com~apple~CloudDocs/I_AULAS_MATERIAL/PadroesDeProjetos/AULAS/4_Decorator/ProjetoDecoratoCarro/src/projetodecoratocarro/Main.java</file>
        </group>
    </open-files>
</project-private>
