<?xml version="1.0" encoding="UTF-8"?>
<project-private xmlns="http://www.netbeans.org/ns/project-private/1">
    <editor-bookmarks xmlns="http://www.netbeans.org/ns/editor-bookmarks/2" lastBookmarkId="0"/>
    <open-files xmlns="http://www.netbeans.org/ns/projectui-open-files/2">
        <group>
            <file>file:/C:/Users/lucas/Git/ADS-3/ADS--3-/PP/exercicios%20-%20padrao%20de%20projetos/TemplateMethod/src/model/rede.java</file>
            <file>file:/C:/Users/lucas/Git/ADS-3/ADS--3-/PP/exercicios%20-%20padrao%20de%20projetos/TemplateMethod/src/test/demo.java</file>
            <file>file:/C:/Users/lucas/Git/ADS-3/ADS--3-/PP/exercicios%20-%20padrao%20de%20projetos/TemplateMethod/src/model/Facebook.java</file>
            <file>file:/C:/Users/lucas/Git/ADS-3/ADS--3-/PP/exercicios%20-%20padrao%20de%20projetos/TemplateMethod/src/model/Twitter.java</file>
        </group>
    </open-files>
</project-private>
