{"type":"Topology","objects":{"countries":{"type":"GeometryCollection","geometries":[{"type":"MultiPolygon","properties":{"NAME":"Brazil","CONTINENT":"South America","CONT":"SA","ID":40,"CC":"BR"},"id":40,"arcs":[[[0,1,2,3]],[[4]]]},{"type":"MultiPolygon","properties":{"NAME":"Argentina","CONTINENT":"South America","CONT":"SA","ID":41,"CC":"AR"},"id":41,"arcs":[[[5,-1,6]],[[7]],[[8]],[[9]]]},{"type":"MultiPolygon","properties":{"NAME":"Peru","CONTINENT":"South America","CONT":"SA","ID":42,"CC":"PE"},"id":42,"arcs":[[[10,-2,-6,11]]]},{"type":"MultiPolygon","properties":{"NAME":"Venezuela","CONTINENT":"South America","CONT":"SA","ID":43,"CC":"VE"},"id":43,"arcs":[[[-11,12,13,14,-3]]]},{"type":"MultiPolygon","properties":{"NAME":"Central America","CONTINENT":"North America","CONT":"NA","ID":31,"CC":"CA"},"id":31,"arcs":[[[15,16,17,-14,18]],[[19]],[[20]],[[21]],[[22]]]},{"type":"Polygon","properties":{"NAME":"Western United States","CONTINENT":"North America","CONT":"NA","ID":32,"CC":"WU"},"id":32,"arcs":[[-16,23,24,25,26]]},{"type":"Polygon","properties":{"NAME":"Eastern United States","CONTINENT":"North America","CONT":"NA","ID":33,"CC":"EU"},"id":33,"arcs":[[-17,-27,27,28,29]]},{"type":"MultiPolygon","properties":{"NAME":"Alberta","CONTINENT":"North America","CONT":"NA","ID":34,"CC":"AB"},"id":34,"arcs":[[[-25,30,31,32,33]],[[34]],[[35]]]},{"type":"Polygon","properties":{"NAME":"Ontario","CONTINENT":"North America","CONT":"NA","ID":35,"CC":"ON"},"id":35,"arcs":[[36,37,-28,-26,-34,38,39]]},{"type":"MultiPolygon","properties":{"NAME":"Quebec","CONTINENT":"North America","CONT":"NA","ID":36,"CC":"QU"},"id":36,"arcs":[[[-29,40]],[[41]],[[-37,42]],[[43]],[[44]],[[45]]]},{"type":"MultiPolygon","properties":{"NAME":"Greenland","CONTINENT":"North America","CONT":"NA","ID":37,"CC":"GR"},"id":37,"arcs":[[[46]]]},{"type":"Polygon","properties":{"NAME":"Iceland","CONTINENT":"Europe","CONT":"EU","ID":24,"CC":"IC"},"id":24,"arcs":[[47]]},{"type":"MultiPolygon","properties":{"NAME":"Northwest Territory","CONTINENT":"North America","CONT":"NA","ID":38,"CC":"NT"},"id":38,"arcs":[[[-39,-33,48,49]],[[50]],[[51]],[[52]],[[53]],[[54]],[[55]],[[56]],[[57]],[[58]],[[59]],[[60]],[[61]],[[62]],[[63]],[[64]],[[65]],[[66]]]},{"type":"Polygon","properties":{"NAME":"North Africa","CONTINENT":"Africa","CONT":"AF","ID":1,"CC":"NA"},"id":1,"arcs":[[67,68,69,70]]},{"type":"Polygon","properties":{"NAME":"Congo","CONTINENT":"Africa","CONT":"AF","ID":2,"CC":"CO"},"id":2,"arcs":[[71,72,73,-70]]},{"type":"Polygon","properties":{"NAME":"East Africa","CONTINENT":"Africa","CONT":"AF","ID":3,"CC":"EF"},"id":3,"arcs":[[74,-72,-69,75,76]]},{"type":"Polygon","properties":{"NAME":"Egypt","CONTINENT":"Africa","CONT":"AF","ID":4,"CC":"EG"},"id":4,"arcs":[[77,78,-76,-68,79]]},{"type":"MultiPolygon","properties":{"NAME":"Great Britain","CONTINENT":"Europe","CONT":"EU","ID":25,"CC":"GB"},"id":25,"arcs":[[[80]],[[81]]]},{"type":"MultiPolygon","properties":{"NAME":"Northern Europe","CONTINENT":"Europe","CONT":"EU","ID":26,"CC":"NE"},"id":26,"arcs":[[[82,83,84,85]],[[86]]]},{"type":"MultiPolygon","properties":{"NAME":"Southern Europe","CONTINENT":"Europe","CONT":"EU","ID":27,"CC":"SE"},"id":27,"arcs":[[[87,-86,88,89,90,91]],[[92]],[[93]],[[94]],[[95]]]},{"type":"MultiPolygon","properties":{"NAME":"Middle East","CONTINENT":"Asia","CONT":"AS","ID":8,"CC":"ME"},"id":8,"arcs":[[[-78,96,97,98,99,100,101]],[[-91,102]],[[103]]]},{"type":"MultiPolygon","properties":{"NAME":"India","CONTINENT":"Asia","CONT":"AS","ID":9,"CC":"IN"},"id":9,"arcs":[[[104,105,106,107,-101]],[[108]]]},{"type":"Polygon","properties":{"NAME":"Afghanistan","CONTINENT":"Asia","CONT":"AS","ID":10,"CC":"AF"},"id":10,"arcs":[[-100,109,110,111,112,-105]]},{"type":"Polygon","properties":{"NAME":"Ural","CONTINENT":"Asia","CONT":"AS","ID":11,"CC":"UR"},"id":11,"arcs":[[113,-112,114,115,116]]},{"type":"Polygon","properties":{"NAME":"Irkutsk","CONTINENT":"Asia","CONT":"AS","ID":12,"CC":"IR"},"id":12,"arcs":[[117,118,119,120,121]]},{"type":"MultiPolygon","properties":{"NAME":"Japan","CONTINENT":"Asia","CONT":"AS","ID":13,"CC":"JA"},"id":13,"arcs":[[[122]],[[123]],[[124]],[[125]]]},{"type":"Polygon","properties":{"NAME":"Mongolia","CONTINENT":"Asia","CONT":"AS","ID":14,"CC":"MO"},"id":14,"arcs":[[126,-119,127,128]]},{"type":"MultiPolygon","properties":{"NAME":"China","CONTINENT":"Asia","CONT":"AS","ID":15,"CC":"CH"},"id":15,"arcs":[[[129,130,-106,-113,-114,131,-120,-127]],[[132]],[[133]]]},{"type":"MultiPolygon","properties":{"NAME":"Siberia","CONTINENT":"Asia","CONT":"AS","ID":16,"CC":"SB"},"id":16,"arcs":[[[134,135,-121,-132,-117]],[[136]],[[137]],[[138]]]},{"type":"Polygon","properties":{"NAME":"Siam","CONTINENT":"Asia","CONT":"AS","ID":17,"CC":"SI"},"id":17,"arcs":[[139,-107,-131]]},{"type":"MultiPolygon","properties":{"NAME":"Western Australia","CONTINENT":"Australia","CONT":"AU","ID":20,"CC":"WA"},"id":20,"arcs":[[[140,141]]]},{"type":"MultiPolygon","properties":{"NAME":"Eastern Australia","CONTINENT":"Australia","CONT":"AU","ID":21,"CC":"EA"},"id":21,"arcs":[[[-141,142]],[[143]],[[144]],[[145]]]},{"type":"MultiPolygon","properties":{"NAME":"Yakutsk","CONTINENT":"Asia","CONT":"AS","ID":18,"CC":"YA"},"id":18,"arcs":[[[146]],[[147,-122,-136,148]],[[149]],[[150]]]},{"type":"MultiPolygon","properties":{"NAME":"Alaska","CONTINENT":"North America","CONT":"NA","ID":39,"CC":"AL"},"id":39,"arcs":[[[151]],[[-49,-32,152]]]},{"type":"MultiPolygon","properties":{"NAME":"Kamchatka","CONTINENT":"Asia","CONT":"AS","ID":19,"CC":"KA"},"id":19,"arcs":[[[-128,-118,-148,153]],[[154]],[[155]],[[156]]]},{"type":"MultiPolygon","properties":{"NAME":"Antartica","CONTINENT":"Antartica","CONT":"AN","ID":7,"CC":"AN"},"id":7,"arcs":[[[157]],[[158]],[[159]],[[160]],[[161]]]},{"type":"MultiPolygon","properties":{"NAME":"Scandinavia","CONTINENT":"Europe","CONT":"EU","ID":28,"CC":"SC"},"id":28,"arcs":[[[162]],[[163]],[[164,165]]]},{"type":"MultiPolygon","properties":{"NAME":"Ukraine","CONTINENT":"Europe","CONT":"EU","ID":29,"CC":"UK"},"id":29,"arcs":[[[166,-89,-85,167,-165,168,-115,-111,169,-98]],[[170]],[[171]]]},{"type":"MultiPolygon","properties":{"NAME":"Indonesia","CONTINENT":"Australia","CONT":"AU","ID":22,"CC":"ID"},"id":22,"arcs":[[[172]],[[173]],[[174]],[[175]],[[176]],[[177]],[[178]],[[179]],[[180]],[[181]],[[182]],[[183]],[[184]],[[185]],[[186]],[[187]],[[188]],[[189]]]},{"type":"MultiPolygon","properties":{"NAME":"Madagascar","CONTINENT":"Africa","CONT":"AF","ID":5,"CC":"MA"},"id":5,"arcs":[[[190]],[[191]]]},{"type":"Polygon","properties":{"NAME":"Western Europe","CONTINENT":"Europe","CONT":"EU","ID":30,"CC":"WE"},"id":30,"arcs":[[-83,-88,192]]},{"type":"Polygon","properties":{"NAME":"South Africa","CONTINENT":"Africa","CONT":"AF","ID":6,"CC":"SA"},"id":6,"arcs":[[-73,-75,193]]},{"type":"MultiPolygon","properties":{"NAME":"New Guinea","CONTINENT":"Australia","CONT":"AU","ID":23,"CC":"NG"},"id":23,"arcs":[[[194]],[[195]],[[196]],[[197]],[[198]],[[199]],[[200]],[[201]],[[202]],[[203]],[[204]],[[205]]]}]},"labels":{"type":"GeometryCollection","geometries":[{"type":"Point","properties":{"NAME":"Brazil","CC":"BR"},"coordinates":[3628,4491]},{"type":"Point","properties":{"NAME":"Argentina","CC":"AR"},"coordinates":[3172,3077]},{"type":"Point","properties":{"NAME":"Peru","CC":"PE"},"coordinates":[3034,4271]},{"type":"Point","properties":{"NAME":"Venezuela","CC":"VE"},"coordinates":[3014,5445]},{"type":"Point","properties":{"NAME":"Central America","CC":"CA"},"coordinates":[2297,6167]},{"type":"Point","properties":{"NAME":"Eastern United States","CC":"EU"},"coordinates":[2602,7299]},{"type":"Point","properties":{"NAME":"Western United States","CC":"WU"},"coordinates":[1914,7540]},{"type":"Point","properties":{"NAME":"Ontario","CC":"ON"},"coordinates":[2504,8200]},{"type":"Point","properties":{"NAME":"Quebec","CC":"QU"},"coordinates":[3034,8179]},{"type":"Point","properties":{"NAME":"Alberta","CC":"AB"},"coordinates":[1797,8284]},{"type":"Point","properties":{"NAME":"Northwest Territory","CC":"NT"},"coordinates":[1703,8912]},{"type":"Point","properties":{"NAME":"Greenland","CC":"GR"},"coordinates":[3859,9373]},{"type":"Point","properties":{"NAME":"Iceland","CC":"IC"},"coordinates":[4522,9038]},{"type":"Point","properties":{"NAME":"Alaska","CC":"AL"},"coordinates":[755,8933]},{"type":"Point","properties":{"NAME":"North Africa","CC":"NA"},"coordinates":[5062,6084]},{"type":"Point","properties":{"NAME":"Congo","CC":"CO"},"coordinates":[5597,5015]},{"type":"Point","properties":{"NAME":"South Africa","CC":"SA"},"coordinates":[5656,3611]},{"type":"Point","properties":{"NAME":"Madagascar","CC":"MA"},"coordinates":[6334,3936]},{"type":"Point","properties":{"NAME":"East Africa","CC":"EF"},"coordinates":[6044,5539]},{"type":"Point","properties":{"NAME":"Egypt","CC":"EG"},"coordinates":[5651,6702]},{"type":"Point","properties":{"NAME":"Middle East","CC":"ME"},"coordinates":[6295,6754]},{"type":"Point","properties":{"NAME":"Southern Europe","CC":"SE"},"coordinates":[5568,7477]},{"type":"Point","properties":{"NAME":"Western Europe","CC":"WE"},"coordinates":[4841,7467]},{"type":"Point","properties":{"NAME":"Great Britain","CC":"GB"},"coordinates":[4792,8305]},{"type":"Point","properties":{"NAME":"Northern Europe","CC":"NE"},"coordinates":[5347,8200]},{"type":"Point","properties":{"NAME":"Ukraine","CC":"UK"},"coordinates":[6133,8514]},{"type":"Point","properties":{"NAME":"Scandinavia","CC":"SC"},"coordinates":[5509,9080]},{"type":"Point","properties":{"NAME":"Afghanistan","CC":"AF"},"coordinates":[6820,7739]},{"type":"Point","properties":{"NAME":"Ural","CC":"UR"},"coordinates":[7031,8713]},{"type":"Point","properties":{"NAME":"India","CC":"IN"},"coordinates":[7115,6534]},{"type":"Point","properties":{"NAME":"China","CC":"CH"},"coordinates":[7513,7278]},{"type":"Point","properties":{"NAME":"Siam","CC":"SI"},"coordinates":[7876,5979]},{"type":"Point","properties":{"NAME":"Siberia","CC":"SB"},"coordinates":[7625,8965]},{"type":"Point","properties":{"NAME":"Yakutsk","CC":"YA"},"coordinates":[8529,9038]},{"type":"Point","properties":{"NAME":"Irkutsk","CC":"IR"},"coordinates":[8063,8294]},{"type":"Point","properties":{"NAME":"Mongolia","CC":"MO"},"coordinates":[8166,7749]},{"type":"Point","properties":{"NAME":"Japan","CC":"JA"},"coordinates":[8956,7121]},{"type":"Point","properties":{"NAME":"Indonesia","CC":"ID"},"coordinates":[8166,4984]},{"type":"Point","properties":{"NAME":"New Guinea","CC":"NG"},"coordinates":[8951,4732]},{"type":"Point","properties":{"NAME":"Eastern Australia","CC":"EA"},"coordinates":[9069,3726]},{"type":"Point","properties":{"NAME":"Western Australia","CC":"WA"},"coordinates":[8328,3307]},{"type":"Point","properties":{"NAME":"Kamchatka","CC":"KA"},"coordinates":[9405,8404]},{"type":"Point","properties":{"NAME":"Antartica","CC":"AN"},"coordinates":[5357,405]}]}},"arcs":[[[3517,3051],[7,60],[-18,39],[-85,116],[-22,-5],[54,106],[52,75],[-3,89],[-19,3]],[[3483,3534],[10,91],[-33,5],[-10,94],[-61,18],[-4,138],[18,89],[-26,58],[2,58],[-50,1],[-9,146],[-38,16],[-34,52],[-34,9],[-31,73],[0,94],[-34,-13],[-60,-73],[-52,7],[4,94],[-47,-34],[-50,146],[24,63],[6,80],[59,58],[23,-5]],[[3056,4799],[16,181],[-19,60],[6,111],[54,2],[14,24],[9,-57],[44,-31],[59,95],[-18,12],[0,84],[69,22],[39,59],[17,-78],[-13,-64],[7,-59],[25,-40],[42,47],[38,-7],[0,40],[51,-25],[33,4],[35,110]],[[3564,5289],[13,8],[12,-124],[25,-54],[-40,-74],[-24,-95],[33,33],[38,-91],[42,115],[23,8],[55,-43],[26,-59],[-12,-59],[38,57],[61,-40],[35,10],[41,-50],[36,-72],[50,-18],[17,-116],[-15,-120],[-54,-108],[-10,-61],[-39,-80],[5,-146],[-26,-222],[-32,-97],[-1,-44],[-29,-59],[-73,-4],[-21,-46],[-27,-3],[-47,-69],[-20,-61],[9,-64],[-8,-82],[-29,-54],[-25,-95],[-11,41],[-24,-58],[-18,-105],[-21,-37]],[[3608,5042],[47,-9],[-12,-69],[-49,-19],[-3,83],[17,14]],[[3044,3963],[25,50],[29,-115],[-8,-58],[26,-146],[44,65],[45,-25],[50,12],[50,-107],[87,-76],[8,-28],[-28,-104],[61,-16],[45,56],[5,63]],[[3517,3051],[-21,-55],[-61,-15],[-62,37],[38,-60],[14,-96],[-24,-71],[-124,-74],[-16,-96],[-71,9],[4,-74],[40,-30],[-49,-63],[-5,-76],[-39,-19],[-14,-78],[47,-45],[-5,-46],[-46,-54],[-45,-116],[23,-81],[-24,8],[-95,-66],[-30,36],[-4,144],[-15,99],[33,36],[-25,70],[-25,4],[10,56],[25,-43],[10,92],[22,29],[-10,179],[-27,30],[20,105],[-13,110],[13,11],[28,123],[22,160],[-8,105],[5,99],[25,154],[16,291],[-10,183]],[[3093,1798],[-93,18],[54,19],[19,53],[-31,3],[29,50],[82,-120],[1,-33],[-61,10]],[[2945,2572],[13,-76],[-25,-8],[12,84]],[[2925,2163],[-2,-79],[-20,43],[22,36]],[[2810,5135],[40,-62],[30,4],[41,-37],[33,-65],[20,-69],[33,18],[45,-30],[-17,-68],[21,-27]],[[3044,3963],[-31,63],[-101,112],[-34,88],[4,32],[-39,123],[-37,182],[-29,87],[-31,42],[-4,103],[36,64],[-26,54],[0,74],[17,24],[6,87],[35,37]],[[2810,5135],[13,72],[17,-4],[20,79],[-15,94],[6,63],[-15,40]],[[2836,5479],[20,41],[-6,43]],[[2850,5563],[49,47],[5,70],[36,42],[24,-3],[45,70],[15,-24],[-24,-30],[11,-50],[-15,-53],[15,-46],[16,41],[-16,63],[43,38],[46,-14],[7,-43],[52,10],[33,-36],[60,29],[19,-53],[38,-11],[-6,-62],[25,13],[30,-36],[53,-112],[88,-17],[62,-73],[3,-34]],[[1746,6978],[63,-2],[107,-70],[78,0],[0,27],[46,-1]],[[2040,6932],[45,-68],[11,-56],[39,-41],[12,45],[36,2],[52,-129],[12,-69],[54,-28]],[[2301,6588],[-19,-129],[-1,-70],[20,-116],[36,-114],[39,-34],[57,31],[25,-14],[20,52],[13,102],[52,32],[39,2],[7,-34],[-40,-241],[-19,-63],[128,-5],[33,-48],[-21,-221],[47,-123],[31,-23],[42,48],[42,-23],[18,-34]],[[2836,5479],[-30,113],[-42,-55],[14,-41],[-25,-19],[-5,42],[-70,31],[-1,36],[-41,30],[-22,47],[6,42],[-56,109],[-101,63],[-72,126],[-24,7],[-40,-31],[-43,18],[-91,76],[-26,42],[-42,21],[-42,60],[-19,63],[14,61],[-22,84],[-78,159],[-9,45],[-40,59],[-45,99],[-26,133],[-54,45],[14,-118],[47,-91],[4,-41],[35,-73],[20,-128],[35,-68],[-72,92],[-9,87],[-74,90],[27,42],[-45,77],[-40,165]],[[2794,6381],[70,-69],[35,-14],[41,-52],[-99,-21],[14,48],[-24,4],[-19,55],[-48,33],[-37,0],[-26,30],[-35,-46],[-1,47],[51,28],[45,-2],[33,-41]],[[3050,6130],[-25,5],[-9,-42],[-18,38],[-44,1],[-17,24],[53,-8],[-23,83],[90,-15],[45,-63],[-9,-24],[-43,1]],[[3138,6146],[31,-3],[-36,-30],[5,33]],[[2857,6110],[-34,22],[41,9],[-7,-31]],[[1746,6978],[-39,88],[-58,32],[-35,103],[2,32],[-53,123],[-18,80],[9,75],[-15,77],[14,51],[2,150],[-20,127],[71,-20],[-16,57]],[[1590,7953],[149,0],[147,0],[145,0],[153,0]],[[2184,7953],[115,0]],[[2299,7953],[22,-220],[-6,-150],[28,-144],[29,-69],[-1,-128],[-232,0],[-2,-296],[-100,0],[3,-14]],[[2299,7953],[118,-22],[39,-34],[89,14],[118,-105],[44,-73],[11,-101],[-28,-91],[13,-22],[102,67],[-5,39],[65,10],[59,81]],[[2924,7716],[106,14],[47,131],[39,-22],[0,-80],[18,-32]],[[3134,7727],[-1,-33],[-44,-5],[-37,-43],[-26,-88],[20,-36],[-72,-25],[-24,-29],[-17,-86],[-33,17],[15,-72],[-23,-28],[-21,77],[17,-138],[-9,-121],[-67,-66],[-53,-74],[-24,-99],[41,-239],[-10,-97],[-37,44],[-30,113],[5,63],[-43,72],[-32,-26],[-47,56],[-52,-10],[-50,-79],[-32,43],[-13,-18],[-60,2],[-42,-55],[-18,5],[-25,-112],[11,-52]],[[1590,7953],[-12,41],[-129,88],[6,67],[-77,140],[9,74]],[[1387,8363],[-50,40],[-42,108],[-59,82],[-55,-53],[-44,65]],[[1137,8605],[265,0],[251,0],[257,0],[256,0]],[[2166,8605],[3,-298],[15,-354]],[[1448,8064],[67,-32],[41,-66],[9,-53],[-51,36],[-17,45],[-50,25],[1,45]],[[1305,8259],[37,1],[-14,-60],[-23,59]],[[2791,8069],[-2,-208],[17,-55],[73,-62],[55,-16]],[[2934,7728],[-10,-12]],[[2166,8605],[200,0]],[[2366,8605],[-5,-56],[51,-18],[20,-83],[99,-29],[35,-51],[71,-42],[76,-7],[1,-131],[77,-119]],[[2924,7716],[44,62],[72,57],[59,92],[79,42],[36,-19],[-12,-156],[104,-62],[-93,-41],[-32,-65],[-18,16],[37,111],[-66,-26]],[[3218,8010],[69,-49],[-54,15],[-15,34]],[[2791,8069],[31,76],[-18,115],[-20,29],[55,36],[35,62],[-8,80],[-49,58],[35,55],[-24,72],[20,107],[81,-29],[24,22],[59,-78],[56,-5],[-8,-147],[29,19],[30,-59],[92,138],[84,-186],[-22,-39],[51,-40],[-10,-46],[46,10],[47,-34],[-62,-32],[67,-6],[39,-41],[4,-62],[-38,-47],[-46,-9],[-36,-60],[-182,0],[-25,-56],[-30,-7],[-79,-144],[-47,-33],[-38,-60]],[[3319,7835],[19,-63],[-41,-23],[22,86]],[[3447,8108],[14,-3],[-41,-119],[41,-31],[26,31],[22,-120],[23,34],[-9,-87],[-26,74],[-58,-22],[-89,24],[47,92],[8,74],[42,53]],[[3277,7803],[-20,-31],[-33,32],[53,-1]],[[3081,9583],[-59,38],[140,25],[-143,12],[-36,45],[189,36],[-47,70],[172,89],[283,41],[179,-45],[-52,77],[497,28],[-191,-46],[286,25],[37,-53],[187,-51],[161,4],[-122,-63],[-123,-19],[36,-52],[-86,-91],[101,-50],[-122,-8],[94,-58],[-30,-133],[-100,13],[-67,-30],[126,-86],[12,-71],[-52,-6],[-36,54],[-100,-45],[169,-31],[-116,-83],[-191,-58],[-44,-81],[-175,-71],[9,-94],[-31,-4],[-35,-201],[-57,0],[-14,74],[-32,-31],[-97,101],[-30,61],[24,38],[-94,172],[16,74],[70,17],[18,83],[-123,38],[110,5],[-27,58],[-118,-3],[34,41],[-41,126],[-64,73],[-137,39],[-86,-28],[-72,35]],[[4595,8984],[24,-50],[-34,-76],[-106,-52],[-92,39],[10,83],[-59,5],[19,53],[57,-75],[63,62],[35,-17],[83,28]],[[1137,8605],[-54,19],[0,553]],[[1083,9177],[162,-59],[152,96],[61,-3],[57,-54],[94,30],[227,-84],[-34,-35],[140,12],[83,-70],[-34,106],[58,19],[48,-54],[155,-20],[26,51],[70,-29],[58,34],[-67,66],[-3,110],[60,9],[62,-95],[-39,-29],[69,-47],[67,-4],[14,-100],[83,113],[-29,49],[82,-9],[37,-63],[-38,-12],[32,-85],[-62,-48],[-59,-2],[-59,-116],[-82,-37],[-89,-133],[-19,-79]],[[1944,9346],[77,-36],[-26,84],[65,-15],[63,-145],[72,-56],[-70,2],[3,-54],[-84,24],[-191,-44],[-7,44],[-83,13],[-20,40],[161,12],[-174,20],[-23,112],[110,51],[127,-52]],[[1623,9468],[115,-19],[58,-45],[-216,-142],[-78,52],[121,154]],[[1944,9546],[126,-1],[-15,-48],[-195,-39],[-129,51],[78,75],[101,-59],[34,21]],[[1774,9641],[-104,-96],[-76,29],[180,67]],[[2625,8949],[103,-76],[-97,-83],[-26,58],[20,101]],[[2900,9098],[13,-49],[-52,-15],[39,64]],[[2294,9174],[61,-44],[-36,-24],[-86,33],[61,35]],[[2768,9420],[117,-54],[-96,-5],[-21,59]],[[2595,9426],[32,-42],[108,34],[36,-84],[166,-13],[198,-139],[-80,-12],[31,-55],[115,-36],[26,-70],[63,-28],[-54,-24],[-1,-62],[-98,104],[-27,-69],[64,-38],[30,-114],[-121,50],[85,-92],[-73,3],[-99,71],[25,9],[-127,60],[-69,5],[25,46],[109,-1],[-28,41],[63,66],[-28,66],[-122,81],[-227,14],[-58,15],[-56,66],[33,123],[59,25]],[[2227,9429],[74,-4],[16,-119],[-59,-33],[-112,87],[64,0],[17,69]],[[2423,9440],[70,-14],[-51,-66],[-85,-46],[-16,102],[82,24]],[[2378,9530],[26,-53],[-88,21],[62,32]],[[2266,9593],[24,-90],[-95,80],[71,10]],[[2354,9613],[165,-42],[10,-51],[242,11],[0,-61],[-313,3],[-104,140]],[[2120,9751],[114,-44],[-29,-43],[-85,87]],[[2423,9868],[149,-106],[69,-13],[-109,-68],[-105,11],[-114,107],[110,69]],[[3064,9975],[233,-54],[-304,-151],[-162,-18],[96,-45],[-134,-80],[46,-34],[-91,-32],[-46,41],[-69,-32],[-119,35],[139,25],[13,52],[-97,-2],[115,54],[-76,88],[-163,67],[412,81],[207,5]],[[5319,7016],[1,-44],[-35,-45],[-2,-56],[-26,-37],[15,-58],[1,-154],[-13,-21],[24,-95],[35,-15],[13,-48],[62,-53],[49,49],[223,-234]],[[5666,6205],[0,-224],[-30,-10],[-31,-163],[18,-11],[11,-100]],[[5634,5697],[-67,-106],[-43,-14],[-8,-50],[-94,-48],[-23,-71],[19,-128],[28,-60],[0,-72],[-42,33],[-127,-3],[-5,11]],[[5272,5189],[3,55],[-28,78],[-82,-15],[-16,63],[-45,72],[-69,-29],[-93,-82],[-54,31],[-36,-2],[-60,-53],[-22,14],[-136,213],[0,60],[-36,62],[-15,82],[-50,48],[-4,117],[-17,21],[28,61],[14,112],[-12,103],[7,49],[-19,55],[31,163],[24,46],[13,89],[25,33],[16,69],[41,24],[51,107],[-5,76],[37,110],[47,46],[25,104],[43,-38],[67,-5],[92,87],[70,22],[40,-16],[31,27],[41,-15],[51,30],[39,-126],[-32,-62],[42,-59]],[[5634,5697],[22,-63],[-4,-68],[48,-50],[32,-72],[39,-122],[17,-19],[34,22],[34,-68],[74,15],[13,28],[27,-103],[-4,-74],[-25,-67],[0,-66],[-96,-4],[10,-129],[-39,-71],[4,-110],[34,-112]],[[5854,4564],[-52,-17],[-12,-195],[37,-22],[0,-76],[-17,0],[-56,110],[-12,-26],[-68,36],[-8,32],[-49,-23],[-12,110],[0,125],[-63,17],[-5,-59],[-49,-6],[-28,129],[-94,4]],[[5366,4703],[-21,-12],[-9,62],[-69,156],[-17,64],[9,147],[13,69]],[[6123,4429],[-83,-74],[-45,19],[-34,-10],[-2,-104],[38,-92],[-17,-132],[-30,72],[3,89],[-19,-12],[-27,59],[28,179],[-27,77],[-54,64]],[[5666,6205],[27,30],[0,118],[174,0],[157,0]],[[6024,6353],[15,-185],[32,-47],[32,-177],[40,-27],[60,-127],[-5,-52],[40,-73],[78,48],[51,6],[57,32],[-13,-143],[-80,-294],[-53,-119],[-62,-91],[-51,-107],[-15,-57],[-35,-54],[-38,-193],[21,-58],[-8,-49],[12,-131],[21,-26]],[[5949,6905],[19,-108]],[[5968,6797],[-17,-104],[-29,50],[20,-114],[43,-162],[5,-56],[34,-58]],[[5319,7016],[102,-47],[16,-59],[58,-28],[34,-39],[29,40],[-1,73],[46,46],[96,-84],[49,-5],[58,-36],[57,46],[51,-27],[35,9]],[[4918,8055],[-77,-39],[67,78],[-56,28],[38,42],[-7,39],[42,8],[-26,69],[-60,47],[22,197],[55,1],[-35,-68],[70,0],[-25,-75],[40,-95],[31,-31],[3,-73],[49,-23],[-39,-61],[17,-33],[-109,-11]],[[4805,8147],[-78,-49],[-19,41],[44,64],[-35,12],[2,49],[44,-2],[7,56],[60,4],[3,-134],[-28,-41]],[[5208,7867],[19,83],[-76,33],[-81,94]],[[5070,8077],[48,21],[13,90],[109,55],[-16,98],[5,77],[64,54],[-31,-161],[40,-63],[60,27],[38,-30],[104,54],[40,-22]],[[5544,8277],[90,-4],[30,-98],[5,-131],[-55,-116],[21,-37]],[[5635,7891],[-51,-102],[-74,-29],[-63,67],[29,67],[-7,41],[-86,4],[-71,-81],[-74,24],[-30,-15]],[[5334,8355],[-3,-72],[-29,70],[32,2]],[[5208,7644],[-25,78],[25,145]],[[5635,7891],[56,-14],[53,32],[40,-94],[-5,-63],[44,-24]],[[5823,7728],[-22,-15],[-8,-87],[-31,-59],[16,-30]],[[5778,7537],[-40,-1],[-15,-72]],[[5723,7464],[-64,1],[-1,-50],[-31,33],[21,-77],[-23,-19],[44,-63],[-38,-13],[13,-67],[-58,85],[-51,151],[9,83],[-76,94],[-25,5],[-40,108],[-25,26],[-41,-26],[7,-65],[34,-39],[31,-87],[105,-116],[-45,18],[8,-83],[-31,-65],[-10,121],[-55,75],[-19,-1],[-71,101],[-11,64],[-37,25],[-35,-39]],[[5262,7579],[-7,-78],[-18,60],[25,18]],[[5663,7155],[68,-19],[-44,-16],[-24,35]],[[5256,7494],[16,-43],[-8,-84],[-24,-14],[-13,123],[29,18]],[[5434,7317],[-15,-95],[-74,68],[89,27]],[[5949,6905],[50,192],[-7,61],[13,73],[-42,0],[-52,-46],[-59,51],[-28,-46],[-57,69],[-27,61],[11,34],[-27,35],[18,55],[64,-2],[4,51],[57,-8],[58,55],[47,4],[92,-70],[50,1],[39,35]],[[6153,7510],[36,3],[23,-86],[50,-67],[30,-6],[40,49],[1,-53],[24,-13]],[[6357,7337],[7,-58],[77,-61],[56,45]],[[6497,7263],[43,44],[48,11],[110,-97],[3,-61]],[[6701,7160],[-21,-117],[9,-127],[28,-28],[-28,-69],[30,-78],[24,-17],[10,-96],[-36,-24],[-7,-61]],[[6710,6543],[-71,12],[-47,22],[-15,81],[-56,-38],[-30,12],[-64,73],[-37,135],[-59,-6],[25,-148],[38,-76],[16,-95],[6,74],[16,-5],[10,-114],[61,11],[66,131],[-7,-41],[26,-103],[44,-23],[29,-77],[-36,-108],[-19,-10],[0,-73],[-29,-16],[-12,-48],[-26,-6],[-11,-49],[-69,-34],[-9,-49],[-79,-57],[-120,-112],[-44,-5],[-18,154],[-1,70],[-36,105],[-21,92],[-40,68],[-19,156],[-33,48],[-5,48],[-56,170],[-17,-1],[7,86]],[[5778,7537],[27,-58],[-82,-15]],[[5905,7134],[55,31],[-43,-67],[-12,36]],[[6701,7160],[28,-28],[61,67],[36,78],[63,-39],[81,92],[20,-106],[45,46],[45,-14]],[[7080,7256],[35,-84],[52,-19],[26,-70],[-5,-48],[20,-47],[-32,-10],[20,-66],[56,-83],[8,21],[75,-67],[10,-30],[81,-56],[34,18],[11,-47],[34,62],[49,-37],[73,94],[41,3],[35,-68]],[[7703,6722],[-18,-51],[-43,-44],[-29,-163],[-22,12],[-5,-107],[-24,-71]],[[7562,6298],[-21,109],[-54,-71],[-36,-9],[-3,32],[-34,-45],[-15,-79],[-31,-13],[-32,-88],[-48,-69],[-2,-33],[-56,-47],[-7,-41],[7,-112],[-18,-113],[6,-59],[-67,-132],[-25,50],[-9,79],[-39,153],[-11,98],[-27,93],[-23,225],[8,144],[-22,0],[-1,-64],[-38,-28],[-50,93],[35,16],[-75,79],[-28,89],[-136,-12]],[[7232,5403],[-16,120],[7,96],[21,-20],[29,-115],[-7,-53],[-34,-28]],[[6497,7263],[2,93],[-24,110],[46,16],[-30,65],[-67,60],[-27,89],[67,53],[13,67],[-55,26],[-55,-48]],[[6367,7794],[-29,83],[-48,40],[28,120],[134,80],[93,-73],[74,37],[34,-40],[59,46],[-45,44]],[[6667,8131],[28,19],[-1,96],[42,-4],[231,84],[9,-70],[100,-16],[48,9],[38,-42],[61,-151],[94,15],[50,-82],[57,-31]],[[7424,7958],[-45,-43],[-5,-77],[-69,9],[-21,-99],[-66,-37],[26,-104],[-16,-66],[-61,-59],[-34,-2],[-79,-58],[-8,-70],[32,-23],[2,-73]],[[7489,8006],[-65,-48]],[[6667,8131],[-36,38],[5,77],[28,54],[-55,-27],[37,103],[-51,0],[-6,43],[62,97],[-32,57],[32,81],[-7,133],[12,102],[28,6],[152,153],[-30,107]],[[6806,9155],[90,-65],[26,46],[-67,36],[71,201],[97,-15],[-29,-73],[29,-36],[-8,-113],[30,-30],[-57,-106],[20,-22],[67,83],[-23,83],[12,89],[-36,49],[74,68],[-12,-71],[88,-28],[-68,60],[70,28]],[[7180,9339],[64,-116],[-50,-43],[74,-15],[12,-131],[33,-32],[27,-106],[44,-8],[-39,-154],[42,-41],[-47,-37],[7,-52],[70,-6],[50,-51],[-23,-46],[38,-22],[-23,-64],[-115,-44],[15,-86],[56,-65],[6,-54],[35,-8],[40,-116],[-7,-36]],[[8636,8349],[56,-18],[-68,-75],[27,-53],[86,24],[2,-72],[-90,-44],[-21,-59],[21,-85]],[[8649,7967],[-32,-23],[-70,48],[-45,185],[-69,47],[-76,-17],[-24,-31],[19,-46],[-80,-147],[-98,45],[-42,-45],[-72,-20],[-46,9],[-16,37],[-74,32],[-45,-21],[-97,-101],[-56,-21],[-16,-87],[-59,58],[-56,3]],[[7595,7872],[0,45]],[[7595,7917],[58,27],[1,65],[47,-13],[27,32],[-12,44],[39,116],[-74,41],[6,125],[30,39],[2,83],[88,18],[60,69],[59,-11],[-16,133],[45,41],[8,115],[37,14]],[[8000,8855],[37,-51],[32,-131],[-35,-100],[16,-28],[68,31],[6,-38],[89,98],[85,-66],[8,-99],[23,-50],[43,5],[129,-82],[135,5]],[[8762,7156],[39,91],[13,-19],[58,81],[26,186],[30,-35],[17,-72],[-30,-76],[-11,-112],[8,-33],[-31,-46],[-42,-21],[-39,28],[-30,-97],[-11,76],[-124,-46],[61,98],[66,-3]],[[8601,7027],[37,36],[30,-61],[-21,-93],[-33,2],[13,82],[-26,34]],[[8693,7072],[46,7],[-13,-60],[-16,17],[-27,-45],[10,81]],[[8944,7743],[48,-79],[44,13],[-2,-61],[-38,-28],[-18,-54],[-40,40],[-42,-20],[25,-27],[-30,-23],[-7,72],[43,38],[17,129]],[[8328,7419],[-41,79],[-23,77],[-20,-37],[-54,-22],[-22,-66],[-47,-13],[-30,-51],[-34,1],[-38,-105],[-62,37],[-62,-54],[-25,37],[20,84],[-62,-20],[-67,47],[18,59],[-51,-21],[-29,134],[-23,-3],[-27,92],[-65,42],[11,156]],[[8649,7967],[100,-42],[-52,-201],[-61,-17],[10,-87],[-16,-64]],[[8630,7556],[-28,-38],[0,-48],[-61,-67],[51,-144],[-6,-129],[-43,-9],[-29,-39],[-8,49],[13,160],[-57,18],[22,86],[-30,31],[-68,-42],[-20,8],[30,58],[-31,25],[-37,-56]],[[8328,7419],[-25,-50],[-34,-2],[3,-48],[31,-12],[23,-56],[27,41],[54,-27],[-54,-45],[-43,-96],[30,-41],[16,-96],[30,-57],[-26,5],[27,-53],[-37,-32],[42,-29],[-28,-62],[-17,-97],[-27,-27],[4,-45],[-58,-134],[-31,-47],[-50,-9],[-11,-31],[-92,-43],[-23,-41],[-6,38],[-41,27],[-13,-27]],[[7999,6323],[-37,28],[4,50],[-42,33],[-38,-50],[-40,15],[-64,-79],[-29,43],[-9,118],[-36,-12],[8,76],[24,37],[0,103],[-37,37]],[[7489,8006],[48,-70],[58,-19]],[[8357,6368],[-21,83],[24,80],[28,0],[-31,-163]],[[8082,6216],[-36,-87],[-28,18],[16,82],[48,-13]],[[7180,9339],[90,-41],[25,-90],[27,86],[-81,55],[-5,60],[197,19],[-46,23],[91,73],[201,22],[121,40],[95,70],[189,-58],[74,-80],[-54,-44],[-186,-112],[162,55]],[[8080,9417],[-7,-61],[57,-86],[-96,-86],[-86,-20],[18,-123],[-35,-20],[39,-90],[-32,-60],[62,-16]],[[7858,9747],[66,-46],[-160,-33],[94,79]],[[7715,9798],[22,-80],[-99,15],[77,65]],[[7665,9862],[40,-54],[-148,-7],[108,61]],[[7999,6323],[-38,-28],[-28,-120],[18,-72],[75,-149],[13,-154],[-12,-77],[-48,-58],[-15,17],[-6,-64],[-48,-46],[7,74],[-53,49],[-39,108],[-25,-3],[5,50],[-29,-11],[2,-67],[-25,-108],[2,-64],[18,1],[16,-126],[31,-20],[53,-120],[0,-112],[22,-87],[-20,-11],[-62,94],[-20,87],[-13,131],[-40,109],[-12,-9],[6,148],[12,58],[-9,88],[-21,101],[-15,132],[-16,-32],[-68,-35],[10,93],[-9,70],[-23,36],[-33,102]],[[8582,4169],[0,-660],[165,0],[169,0],[-1,-714]],[[8915,2795],[-34,52],[-46,181],[-10,-60],[-14,88],[-48,-57],[-51,149],[-40,4],[-29,33],[-61,-13],[-47,-35],[-36,0],[-50,-45],[-19,-53],[-97,1],[-58,-71],[-41,7],[-40,45],[19,57],[0,94],[-25,153],[-34,151],[18,43],[-23,84],[7,109],[87,121],[27,-7],[37,40],[57,27],[52,187],[39,2],[-1,48],[21,47],[48,58],[59,-66]],[[8582,4169],[44,146],[61,16],[-12,60],[33,-44],[47,-26],[19,32],[30,-35],[-42,-152],[35,-60],[63,-57],[28,-48],[23,15],[23,144],[-2,147],[27,110],[27,-128],[7,-93],[20,15],[23,-47],[2,-88],[15,-26],[11,-124],[68,-76],[24,-133],[27,-7],[5,-53],[27,-31],[40,-113],[-5,-74],[16,-100],[-30,-212],[-36,-64],[-11,-92],[-18,-38],[-7,-107],[-61,-27],[-37,-69],[-41,38],[0,38],[-39,-59],[-71,48]],[[9887,2836],[32,-39],[40,18],[-22,-81],[-20,-7],[-12,-75],[-38,-68],[-18,21],[21,63],[-44,53],[33,92],[-63,198],[46,-47],[9,-101],[36,-27]],[[9020,2637],[51,-27],[45,20],[-6,-142],[-20,27],[-35,-46],[-35,168]],[[9835,2563],[-38,-86],[10,-26],[-48,-10],[-22,-111],[-23,-38],[-83,19],[2,54],[43,75],[74,63],[12,72],[31,73],[14,-46],[34,19],[-6,-58]],[[8951,9427],[35,-39],[-103,8],[68,31]],[[9511,9179],[0,-81],[-111,-12],[1,-118],[-113,5],[-66,-101],[-103,3],[-11,-36],[-66,-7],[-2,-76],[-35,-48],[-97,50],[-67,-87],[-3,-85],[-84,-33],[-65,-1],[-29,-141],[-24,-62]],[[8080,9417],[209,-7],[116,-45],[35,56],[156,-47],[-48,-38],[91,-94],[47,71],[54,-40],[149,12],[19,85],[247,-45],[-22,-28],[103,-52],[186,2],[15,-63],[74,-5]],[[9075,9523],[116,-20],[-76,-21],[-40,41]],[[8863,9559],[169,-29],[-42,-40],[-188,20],[61,49]],[[231,8830],[81,-33],[-26,-17],[-55,50]],[[1387,8363],[-98,75],[-3,58],[-82,4],[-50,57],[-89,46],[-72,4],[-87,51],[-99,-100],[-26,12],[9,94],[-75,-109],[28,-18],[-93,-111],[-151,-112],[-37,2],[165,140],[18,99],[-58,-44],[-41,39],[-40,-30],[1,56],[-102,62],[-5,78],[50,66],[83,50],[-10,66],[-45,-35],[-95,14],[-54,64],[107,55],[65,-19],[12,42],[-61,8],[-87,73],[89,46],[43,61],[157,74],[145,-61],[47,9],[237,-52]],[[9511,9179],[124,-11],[76,-43],[42,16],[-18,65],[156,-15],[108,-54],[0,-232],[-40,-28],[-45,29],[68,-113],[-9,-52],[-49,17],[-104,-49],[-91,-109],[-30,42],[-155,-34],[-45,-116],[22,-44],[-29,-106],[11,-47],[-58,-35],[-59,-151],[-35,-45],[-29,239],[8,100],[25,70],[42,11],[100,146],[50,27],[11,82],[-109,-100],[4,81],[-102,-24],[-68,-99],[27,-41],[-80,2],[-82,34],[-12,-32],[-160,9],[-63,-60],[-74,-116],[-84,-90],[45,-15],[-2,-52],[84,32],[45,-60],[4,-67],[-24,-52],[-14,-168],[-70,-158],[-70,-136],[-55,-48],[-37,38],[-31,-61]],[[8,9134],[142,-110],[80,-7],[55,-49],[-108,-106],[-63,63],[-94,8],[-20,-28],[8,229]],[[9133,7736],[-54,-53],[30,59],[24,-6]],[[8967,8266],[11,-163],[42,-171],[-48,29],[-13,-81],[30,-82],[-51,10],[13,270],[-14,134],[30,54]],[[3143,401],[-78,-69],[-26,42],[104,27]],[[3740,387],[50,-89],[-295,-41],[115,141],[78,42],[52,-53]],[[2270,779],[62,-31],[-175,31],[113,0]],[[3055,949],[47,-95],[-3,-84],[-111,-27],[2,63],[-85,-2],[156,47],[-67,105],[61,-7]],[[3416,1299],[-144,-120],[-12,-83],[-33,32],[-54,-118],[93,-79],[48,-147],[0,-138],[-69,-65],[-190,-77],[-213,14],[73,-104],[-149,-61],[117,-8],[18,-88],[155,-6],[119,-44],[173,-103],[143,75],[367,60],[315,59],[201,16],[-382,62],[71,92],[216,81],[214,29],[18,65],[90,30],[-58,26],[140,60],[37,89],[46,-50],[202,30],[17,-32],[84,52],[165,25],[94,-17],[56,25],[159,-35],[126,32],[88,-35],[152,58],[-7,66],[147,-46],[34,-31],[24,80],[82,45],[156,20],[68,32],[-18,43],[99,38],[50,-11],[108,-94],[115,6],[132,-23],[50,-35],[-83,-106],[57,-9],[-81,-161],[145,92],[51,106],[147,66],[2,25],[158,69],[209,36],[48,-14],[189,12],[23,35],[72,-2],[189,-44],[68,57],[161,-99],[193,66],[87,-52],[47,61],[128,3],[36,-25],[190,-18],[98,-93],[109,3],[245,-68],[44,-83],[35,37],[141,-31],[91,-61],[-49,-86],[-56,8],[-49,-87],[-54,17],[-33,-155],[138,-100],[-174,-17],[-78,-91],[290,-151],[-43,-13],[-8964,-95],[-387,89],[289,-14],[185,59],[-126,77],[261,20],[-93,30],[110,31],[-264,74],[-48,92],[164,-13],[69,-29],[123,62],[-114,28],[287,69],[333,26],[334,10],[28,-31],[114,34],[-35,-45],[133,-10],[168,30],[-29,53],[50,38],[392,11],[98,-44],[46,56],[95,-55],[265,61],[21,53],[-57,150],[57,22],[-23,89],[29,53],[155,155],[110,45]],[[5467,9783],[131,-65],[-71,-19],[-61,-112],[-65,36],[-65,126],[131,34]],[[5642,9813],[114,-17],[-88,-54],[-147,32],[121,39]],[[5856,9186],[-67,-54],[44,-71],[-27,-46],[30,-71],[-4,-117],[44,-50],[-104,-139]],[[5772,8638],[-136,-44],[-42,46],[-8,130],[120,130],[-20,56],[-96,-35],[10,-52],[-60,-53],[-67,-117],[4,-53],[53,-54],[-34,-54],[-47,-14],[11,-94],[-20,-57],[-84,-41],[3,69],[-73,148],[-61,-56],[-73,38],[-11,204],[107,61],[91,102],[70,170],[82,50],[13,48],[94,51],[49,-22],[120,70],[96,-50],[-7,-29]],[[6153,7510],[-3,72],[-135,145],[33,8],[-1,80],[43,35],[-93,-36],[-25,-34],[14,-58],[-43,-42],[-41,61],[36,30],[-83,37],[-32,-80]],[[5544,8277],[45,28],[-6,96],[44,71],[29,-46],[25,80],[-30,53],[56,27],[67,-16],[64,28],[-66,40]],[[5856,9186],[125,-31],[158,-95],[3,-53],[-72,-43],[-113,29],[7,-118],[75,-45],[-17,80],[103,-36],[-22,59],[67,59],[57,-39],[20,89],[74,-30],[28,63],[139,58],[34,-43],[122,49],[49,-6],[-1,57],[114,-35]],[[6367,7794],[-71,-106],[29,-110],[50,-119],[-18,-122]],[[6536,9396],[-3,-84],[67,-71],[-113,4],[-56,46],[46,95],[59,10]],[[6893,9611],[3,-41],[-195,-57],[-125,-123],[-76,8],[44,77],[152,95],[197,41]],[[8166,5323],[43,26],[34,117],[26,-34],[-7,-34],[50,-31],[-31,-28],[11,-31],[-32,-11],[-10,-34],[29,-75],[-9,-18],[35,-62],[-31,8],[-8,-112],[-38,-60],[10,-24],[-17,-84],[-37,-34],[-8,58],[-37,17],[-31,-39],[-10,33],[-36,1],[-14,126],[-13,1],[-12,99],[22,75],[37,-31],[18,76],[38,19],[28,86]],[[7652,5382],[56,-22],[18,-67],[44,-55],[33,-80],[78,-91],[-13,-32],[31,-46],[3,-54],[43,-64],[-9,-171],[-51,47],[-63,112],[-52,189],[-17,17],[-10,88],[-89,172],[-2,57]],[[8021,4596],[-66,17],[-33,36],[23,52],[64,-21],[7,-31],[48,-12],[9,28],[53,-22],[16,-51],[35,-2],[-1,-45],[-74,9],[-81,42]],[[7940,4962],[20,-85],[-41,52],[21,33]],[[8208,4566],[-11,-41],[-19,44],[30,-3]],[[8333,4495],[4,-51],[-34,40],[30,11]],[[8473,4488],[-44,-52],[6,44],[40,58],[60,14],[-62,-64]],[[8415,4566],[-33,-43],[-55,9],[17,30],[52,-24],[19,28]],[[8397,4858],[16,-68],[-22,-27],[-47,94],[1,-140],[-28,2],[6,95],[-25,71],[42,224],[18,21],[54,-32],[30,1],[34,50],[-23,-75],[-107,7],[-11,-68],[16,-46],[26,35],[41,15],[-39,-80],[18,-79]],[[8276,4570],[34,-37],[-67,-17],[33,54]],[[8426,5666],[-9,-81],[-18,48],[17,64],[10,-31]],[[8435,5525],[70,76],[11,-121],[-11,-58],[-11,64],[-11,-105],[-33,35],[0,73],[-55,33],[32,45],[8,-42]],[[8389,5670],[2,71],[28,-30],[-30,-41]],[[8319,5722],[5,-50],[-70,-128],[58,129],[7,49]],[[8436,5843],[-32,-13],[-24,48],[-30,-10],[9,50],[-24,9],[-8,93],[17,-12],[5,140],[37,-15],[17,-70],[-32,-109],[15,-74],[23,19],[27,-56]],[[8346,5850],[29,-22],[-15,-42],[-14,64]],[[8480,5779],[12,-76],[-41,91],[29,-15]],[[8456,5728],[17,-12],[-8,-63],[-9,75]],[[6229,3915],[-10,95],[15,80],[47,29],[46,68],[3,57],[24,13],[13,69],[20,-48],[15,-143],[-24,-6],[6,-77],[-76,-480],[-45,-38],[-41,35],[-22,162],[35,135],[-6,49]],[[6916,2158],[41,-38],[-47,-16],[6,54]],[[5208,7644],[-37,-44],[-59,31],[-28,-37],[4,-62],[-61,-50],[-33,-79],[12,-57],[-26,-67],[-40,-53],[-63,0],[-45,-32],[-23,66],[-59,-16],[1,86],[-15,20],[20,109],[1,120],[-15,21],[44,44],[89,-23],[80,3],[15,73],[-1,97],[-35,71],[-56,18],[-11,42],[43,21],[52,-14],[6,42],[78,50],[24,53]],[[6123,4429],[6,-286],[-44,-100],[-28,-13],[-89,-157],[17,-251],[-10,-30],[-53,-41],[-23,-193],[-28,-46],[-38,-116],[-81,-133],[-63,-40],[-62,13],[-82,-47],[-50,116],[10,65],[-48,187],[-33,74],[-23,191],[1,92],[-75,272],[-2,124],[22,144],[36,98],[-1,65],[-22,94],[11,44],[-31,133],[26,15]],[[677,6243],[23,-37],[-25,-36],[2,73]],[[9612,3774],[10,-46],[-41,57],[-27,75],[58,-86]],[[9956,4010],[4,-35],[-37,8],[33,27]],[[9996,4088],[1,-33],[-40,0],[39,33]],[[8915,4896],[98,-72],[36,-61],[-1,-38],[49,-31],[9,-41],[-25,-3],[33,-77],[12,-60],[33,-76],[-57,15],[-45,119],[-43,35],[-26,-44],[-40,1],[34,-33],[-20,-33],[-43,7],[-31,60],[-30,-5],[9,67],[-33,103],[-22,28],[-58,29],[-43,57],[-20,-35],[-3,47],[-23,30],[55,40],[-46,-9],[-9,43],[-28,7],[40,63],[44,-22],[13,-127],[25,-31],[28,68],[41,46],[54,-53],[33,-14]],[[9299,4725],[28,-52],[-17,-12],[-11,64]],[[9228,4802],[-4,-75],[-45,-49],[-40,7],[-17,42],[69,-2],[37,77]],[[8556,5180],[-1,-53],[20,16],[-29,-107],[-3,118],[13,26]],[[8523,4866],[-3,-45],[-21,30],[24,15]],[[8598,4885],[29,-21],[-59,-19],[-8,36],[38,4]],[[9195,4889],[53,-75],[-2,-51],[-17,75],[-34,51]],[[8857,4573],[-35,-22],[21,60],[14,-38]]],"transform":{"scale":[0.036003600360036005,0.016876077256109172],"translate":[-180,-85.22193775762139]}}