<?xml version="1.0" encoding="UTF-8"?>
<project-private xmlns="http://www.netbeans.org/ns/project-private/1">
    <editor-bookmarks xmlns="http://www.netbeans.org/ns/editor-bookmarks/2" lastBookmarkId="0"/>
    <open-files xmlns="http://www.netbeans.org/ns/projectui-open-files/2">
        <group>
            <file>file:/C:/Users/Computador/Desktop/codigos-ads3/Eex3/src/eex3/Eex3.java</file>
            <file>file:/C:/Users/Computador/Desktop/codigos-ads3/Eex3/src/eex4/Eex4.java</file>
            <file>file:/C:/Users/Computador/Desktop/codigos-ads3/Eex3/src/eex2/Eex2.java</file>
            <file>file:/C:/Users/Computador/Desktop/codigos-ads3/Eex3/src/eex5/Eex5.java</file>
        </group>
    </open-files>
</project-private>
