<?xml version="1.0" encoding="UTF-8"?>
<project-private xmlns="http://www.netbeans.org/ns/project-private/1">
    <editor-bookmarks xmlns="http://www.netbeans.org/ns/editor-bookmarks/2" lastBookmarkId="0"/>
    <open-files xmlns="http://www.netbeans.org/ns/projectui-open-files/2">
        <group>
            <file>file:/Users/junior/Documents/joseluiz_22072014/TempJava_2020_1/LerArquivo/src/Produto.java</file>
            <file>file:/Users/junior/Documents/joseluiz_22072014/TempJava_2020_1/LerArquivo/src/produto.csv</file>
            <file>file:/Users/junior/Documents/joseluiz_22072014/TempJava_2020_1/LerArquivo/src/TesteExercicio.java</file>
        </group>
    </open-files>
</project-private>
