<?xml version="1.0" encoding="UTF-8"?>
<project-private xmlns="http://www.netbeans.org/ns/project-private/1">
    <editor-bookmarks xmlns="http://www.netbeans.org/ns/editor-bookmarks/2" lastBookmarkId="0"/>
    <open-files xmlns="http://www.netbeans.org/ns/projectui-open-files/2">
        <group>
            <file>file:/Users/eugeniojulio/Library/Mobile%20Documents/com~apple~CloudDocs/I_AULAS_MATERIAL/PadroesDeProjetos/AULAS/R_A_Singleton/ExemploEmJava/ProjetoSingleton02/src/projetosingleton01/Mural.java</file>
            <file>file:/Users/eugeniojulio/Library/Mobile%20Documents/com~apple~CloudDocs/I_AULAS_MATERIAL/PadroesDeProjetos/AULAS/R_A_Singleton/ExemploEmJava/ProjetoSingleton02/src/projetosingleton01/MuralGeral.java</file>
        </group>
    </open-files>
</project-private>
