<?xml version="1.0" encoding="UTF-8"?>
<project-private xmlns="http://www.netbeans.org/ns/project-private/1">
    <editor-bookmarks xmlns="http://www.netbeans.org/ns/editor-bookmarks/2" lastBookmarkId="0"/>
    <open-files xmlns="http://www.netbeans.org/ns/projectui-open-files/2">
        <group>
            <file>file:/Users/junior/Documents/joseluiz_22072014/Disciplinas_Cursos/ED_SENAI/7_Lista_Encadeada/Aula_Lista_Java/src/TesteLista.java</file>
            <file>file:/Users/junior/Documents/joseluiz_22072014/Disciplinas_Cursos/ED_SENAI/7_Lista_Encadeada/Aula_Lista_Java/src/No.java</file>
            <file>file:/Users/junior/Documents/joseluiz_22072014/Disciplinas_Cursos/ED_SENAI/7_Lista_Encadeada/Aula_Lista_Java/src/Aluno.java</file>
            <file>file:/Users/junior/Documents/joseluiz_22072014/Disciplinas_Cursos/ED_SENAI/7_Lista_Encadeada/Aula_Lista_Java/src/Lista.java</file>
        </group>
    </open-files>
</project-private>
